<de>
	<string>Lokalisiere Jebediah Kerman...</string>
	<string>Erzeuge Ablation Schutzschicht...</string>
	<string>Antworte auf die ultimative Frage...</string>
	<string>Rekrutiere Kerbals...</string>
	<string>Besuche Kerbal.de...</string>
	<string>Hinzufuegen mehrerer Booster...</string>
	<string>Kalkuliere Flugbahnen...</string>
	<string>Erfinde lustige Ladehinweise...</string>
	<string>Motiviere Kerbals...</string>
	<string>Säubere Launch Pad...</string>
	<string>Flicke Nasenkegel...</string>
	<string>Zeit abwarten...</string>
	<string>K zu jedem Wort hinzufügen...</string>
	<string>Teste Federn...</string>
	<string>Erforsche eine sichere Distanz...</string>
	<string>Behandle Kessler Syndrom...</string>
	<string>Richte das richtige Ende in Richtung Weltraum aus...</string>
	<string>Ueberlagere Gitter auf Bezier Kurs...</string>
	<string>Entwirre SpaceTape...</string>

</de>